,Read in FASTA,,,,Write Seq as PHYLIP,,,,,,,Taxa,,,Remove Individual Sequences,,,,,,Create 4-taxon Sequences,,,,Exports 4-taxon sequences,,,,
L1,"<-read.fasta(""T239_",L1,".fasta"")",,ape::write.dna(,L1,",""",L1,".phy"",nbcol=1,colsep="""",colw=1000000)",,"""",Carpiodes_carpio             ,"""",,Catostomus_discobolus        ,<-concat_seq$,Catostomus_discobolus        ,,MyxoCycl_1,<-rbind(,"Myxocyprinus_asiaticus,Cycleptus_elongatus,",Carpiodes_carpio             ,",Cyprinus_carpio)",,ape::write.dna(,MyxoCycl_1,",""",MyxoCycl_1,".fasta"",format=""fasta"",nbcol=1,colsep="""",colw=1000000)"
L2,"<-read.fasta(""T239_",L2,".fasta"")",,ape::write.dna(,L2,",""",L2,".phy"",nbcol=1,colsep="""",colw=1000000)",,"""",Carpiodes_cyprinus           ,"""",,Catostomus_insignis          ,<-concat_seq$,Catostomus_insignis          ,,MyxoCycl_2,<-rbind(,"Myxocyprinus_asiaticus,Cycleptus_elongatus,",Carpiodes_cyprinus           ,",Cyprinus_carpio)",,ape::write.dna(,MyxoCycl_2,",""",MyxoCycl_2,".fasta"",format=""fasta"",nbcol=1,colsep="""",colw=1000000)"
L4,"<-read.fasta(""T239_",L4,".fasta"")",,ape::write.dna(,L4,",""",L4,".phy"",nbcol=1,colsep="""",colw=1000000)",,"""",Carpiodes_velifer            ,"""",,Catostomus_latipinnis        ,<-concat_seq$,Catostomus_latipinnis        ,,MyxoCycl_3,<-rbind(,"Myxocyprinus_asiaticus,Cycleptus_elongatus,",Carpiodes_velifer            ,",Cyprinus_carpio)",,ape::write.dna(,MyxoCycl_3,",""",MyxoCycl_3,".fasta"",format=""fasta"",nbcol=1,colsep="""",colw=1000000)"
L5,"<-read.fasta(""T239_",L5,".fasta"")",,ape::write.dna(,L5,",""",L5,".phy"",nbcol=1,colsep="""",colw=1000000)",,"""",Catostomus_ardens            ,"""",,Catostomus_occidentalis      ,<-concat_seq$,Catostomus_occidentalis      ,,MyxoCycl_4,<-rbind(,"Myxocyprinus_asiaticus,Cycleptus_elongatus,",Catostomus_ardens            ,",Cyprinus_carpio)",,ape::write.dna(,MyxoCycl_4,",""",MyxoCycl_4,".fasta"",format=""fasta"",nbcol=1,colsep="""",colw=1000000)"
L6,"<-read.fasta(""T239_",L6,".fasta"")",,ape::write.dna(,L6,",""",L6,".phy"",nbcol=1,colsep="""",colw=1000000)",,"""",Catostomus_catostomus        ,"""",,Chasmistes_liorus            ,<-concat_seq$,Chasmistes_liorus            ,,MyxoCycl_5,<-rbind(,"Myxocyprinus_asiaticus,Cycleptus_elongatus,",Catostomus_catostomus        ,",Cyprinus_carpio)",,ape::write.dna(,MyxoCycl_5,",""",MyxoCycl_5,".fasta"",format=""fasta"",nbcol=1,colsep="""",colw=1000000)"
L7,"<-read.fasta(""T239_",L7,".fasta"")",,ape::write.dna(,L7,",""",L7,".phy"",nbcol=1,colsep="""",colw=1000000)",,"""",Catostomus_clarkii           ,"""",,Cycleptus_elongatus          ,<-concat_seq$,Cycleptus_elongatus          ,,MyxoCycl_6,<-rbind(,"Myxocyprinus_asiaticus,Cycleptus_elongatus,",Catostomus_clarkii           ,",Cyprinus_carpio)",,ape::write.dna(,MyxoCycl_6,",""",MyxoCycl_6,".fasta"",format=""fasta"",nbcol=1,colsep="""",colw=1000000)"
L8,"<-read.fasta(""T239_",L8,".fasta"")",,ape::write.dna(,L8,",""",L8,".phy"",nbcol=1,colsep="""",colw=1000000)",,"""",Catostomus_columbianus       ,"""",,Deltistes_luxatus            ,<-concat_seq$,Deltistes_luxatus            ,,MyxoCycl_7,<-rbind(,"Myxocyprinus_asiaticus,Cycleptus_elongatus,",Catostomus_columbianus       ,",Cyprinus_carpio)",,ape::write.dna(,MyxoCycl_7,",""",MyxoCycl_7,".fasta"",format=""fasta"",nbcol=1,colsep="""",colw=1000000)"
L9,"<-read.fasta(""T239_",L9,".fasta"")",,ape::write.dna(,L9,",""",L9,".phy"",nbcol=1,colsep="""",colw=1000000)",,"""",Catostomus_commersonii       ,"""",,Hypentelium_etowanum         ,<-concat_seq$,Hypentelium_etowanum         ,,MyxoCycl_8,<-rbind(,"Myxocyprinus_asiaticus,Cycleptus_elongatus,",Catostomus_commersonii       ,",Cyprinus_carpio)",,ape::write.dna(,MyxoCycl_8,",""",MyxoCycl_8,".fasta"",format=""fasta"",nbcol=1,colsep="""",colw=1000000)"
L10,"<-read.fasta(""T239_",L10,".fasta"")",,ape::write.dna(,L10,",""",L10,".phy"",nbcol=1,colsep="""",colw=1000000)",,"""",Catostomus_discobolus        ,"""",,Hypentelium_nigricans        ,<-concat_seq$,Hypentelium_nigricans        ,,MyxoCycl_9,<-rbind(,"Myxocyprinus_asiaticus,Cycleptus_elongatus,",Catostomus_discobolus        ,",Cyprinus_carpio)",,ape::write.dna(,MyxoCycl_9,",""",MyxoCycl_9,".fasta"",format=""fasta"",nbcol=1,colsep="""",colw=1000000)"
L11,"<-read.fasta(""T239_",L11,".fasta"")",,ape::write.dna(,L11,",""",L11,".phy"",nbcol=1,colsep="""",colw=1000000)",,"""",Catostomus_insignis          ,"""",,Hypentelium_roanokense       ,<-concat_seq$,Hypentelium_roanokense       ,,MyxoCycl_10,<-rbind(,"Myxocyprinus_asiaticus,Cycleptus_elongatus,",Catostomus_insignis          ,",Cyprinus_carpio)",,ape::write.dna(,MyxoCycl_10,",""",MyxoCycl_10,".fasta"",format=""fasta"",nbcol=1,colsep="""",colw=1000000)"
L12,"<-read.fasta(""T239_",L12,".fasta"")",,ape::write.dna(,L12,",""",L12,".phy"",nbcol=1,colsep="""",colw=1000000)",,"""",Catostomus_latipinnis        ,"""",,Ictiobus_bubalus             ,<-concat_seq$,Ictiobus_bubalus             ,,MyxoCycl_11,<-rbind(,"Myxocyprinus_asiaticus,Cycleptus_elongatus,",Catostomus_latipinnis        ,",Cyprinus_carpio)",,ape::write.dna(,MyxoCycl_11,",""",MyxoCycl_11,".fasta"",format=""fasta"",nbcol=1,colsep="""",colw=1000000)"
L13,"<-read.fasta(""T239_",L13,".fasta"")",,ape::write.dna(,L13,",""",L13,".phy"",nbcol=1,colsep="""",colw=1000000)",,"""",Catostomus_occidentalis      ,"""",,Ictiobus_cyprinellus         ,<-concat_seq$,Ictiobus_cyprinellus         ,,MyxoCycl_12,<-rbind(,"Myxocyprinus_asiaticus,Cycleptus_elongatus,",Catostomus_occidentalis      ,",Cyprinus_carpio)",,ape::write.dna(,MyxoCycl_12,",""",MyxoCycl_12,".fasta"",format=""fasta"",nbcol=1,colsep="""",colw=1000000)"
L14,"<-read.fasta(""T239_",L14,".fasta"")",,ape::write.dna(,L14,",""",L14,".phy"",nbcol=1,colsep="""",colw=1000000)",,"""",Chasmistes_liorus            ,"""",,Moxostoma_anisurum           ,<-concat_seq$,Moxostoma_anisurum           ,,MyxoCycl_13,<-rbind(,"Myxocyprinus_asiaticus,Cycleptus_elongatus,",Chasmistes_liorus            ,",Cyprinus_carpio)",,ape::write.dna(,MyxoCycl_13,",""",MyxoCycl_13,".fasta"",format=""fasta"",nbcol=1,colsep="""",colw=1000000)"
L15,"<-read.fasta(""T239_",L15,".fasta"")",,ape::write.dna(,L15,",""",L15,".phy"",nbcol=1,colsep="""",colw=1000000)",,"""",Cycleptus_elongatus          ,"""",,Moxostoma_arriommum          ,<-concat_seq$,Moxostoma_arriommum          ,,MyxoCycl_14,<-rbind(,"Myxocyprinus_asiaticus,Cycleptus_elongatus,",Cycleptus_elongatus          ,",Cyprinus_carpio)",,ape::write.dna(,MyxoCycl_14,",""",MyxoCycl_14,".fasta"",format=""fasta"",nbcol=1,colsep="""",colw=1000000)"
L16,"<-read.fasta(""T239_",L16,".fasta"")",,ape::write.dna(,L16,",""",L16,".phy"",nbcol=1,colsep="""",colw=1000000)",,"""",Deltistes_luxatus            ,"""",,Moxostoma_cervinum           ,<-concat_seq$,Moxostoma_cervinum           ,,MyxoCycl_15,<-rbind(,"Myxocyprinus_asiaticus,Cycleptus_elongatus,",Deltistes_luxatus            ,",Cyprinus_carpio)",,ape::write.dna(,MyxoCycl_15,",""",MyxoCycl_15,".fasta"",format=""fasta"",nbcol=1,colsep="""",colw=1000000)"
L17,"<-read.fasta(""T239_",L17,".fasta"")",,ape::write.dna(,L17,",""",L17,".phy"",nbcol=1,colsep="""",colw=1000000)",,"""",Hypentelium_etowanum         ,"""",,Moxostoma_duquesnei          ,<-concat_seq$,Moxostoma_duquesnei          ,,MyxoCycl_16,<-rbind(,"Myxocyprinus_asiaticus,Cycleptus_elongatus,",Hypentelium_etowanum         ,",Cyprinus_carpio)",,ape::write.dna(,MyxoCycl_16,",""",MyxoCycl_16,".fasta"",format=""fasta"",nbcol=1,colsep="""",colw=1000000)"
L18,"<-read.fasta(""T239_",L18,".fasta"")",,ape::write.dna(,L18,",""",L18,".phy"",nbcol=1,colsep="""",colw=1000000)",,"""",Hypentelium_nigricans        ,"""",,Moxostoma_erythrurum         ,<-concat_seq$,Moxostoma_erythrurum         ,,MyxoCycl_17,<-rbind(,"Myxocyprinus_asiaticus,Cycleptus_elongatus,",Hypentelium_nigricans        ,",Cyprinus_carpio)",,ape::write.dna(,MyxoCycl_17,",""",MyxoCycl_17,".fasta"",format=""fasta"",nbcol=1,colsep="""",colw=1000000)"
L19,"<-read.fasta(""T239_",L19,".fasta"")",,ape::write.dna(,L19,",""",L19,".phy"",nbcol=1,colsep="""",colw=1000000)",,"""",Hypentelium_roanokense       ,"""",,Moxostoma_lachneri           ,<-concat_seq$,Moxostoma_lachneri           ,,MyxoCycl_18,<-rbind(,"Myxocyprinus_asiaticus,Cycleptus_elongatus,",Hypentelium_roanokense       ,",Cyprinus_carpio)",,ape::write.dna(,MyxoCycl_18,",""",MyxoCycl_18,".fasta"",format=""fasta"",nbcol=1,colsep="""",colw=1000000)"
L20,"<-read.fasta(""T239_",L20,".fasta"")",,ape::write.dna(,L20,",""",L20,".phy"",nbcol=1,colsep="""",colw=1000000)",,"""",Ictiobus_bubalus             ,"""",,Moxostoma_poecilurum         ,<-concat_seq$,Moxostoma_poecilurum         ,,MyxoCycl_19,<-rbind(,"Myxocyprinus_asiaticus,Cycleptus_elongatus,",Ictiobus_bubalus             ,",Cyprinus_carpio)",,ape::write.dna(,MyxoCycl_19,",""",MyxoCycl_19,".fasta"",format=""fasta"",nbcol=1,colsep="""",colw=1000000)"
L21,"<-read.fasta(""T239_",L21,".fasta"")",,ape::write.dna(,L21,",""",L21,".phy"",nbcol=1,colsep="""",colw=1000000)",,"""",Ictiobus_cyprinellus         ,"""",,Moxostoma_rupiscartes        ,<-concat_seq$,Moxostoma_rupiscartes        ,,MyxoCycl_20,<-rbind(,"Myxocyprinus_asiaticus,Cycleptus_elongatus,",Ictiobus_cyprinellus         ,",Cyprinus_carpio)",,ape::write.dna(,MyxoCycl_20,",""",MyxoCycl_20,".fasta"",format=""fasta"",nbcol=1,colsep="""",colw=1000000)"
L22,"<-read.fasta(""T239_",L22,".fasta"")",,ape::write.dna(,L22,",""",L22,".phy"",nbcol=1,colsep="""",colw=1000000)",,"""",Moxostoma_anisurum           ,"""",,Moxostoma_valenciennsi       ,<-concat_seq$,Moxostoma_valenciennsi       ,,MyxoCycl_21,<-rbind(,"Myxocyprinus_asiaticus,Cycleptus_elongatus,",Moxostoma_anisurum           ,",Cyprinus_carpio)",,ape::write.dna(,MyxoCycl_21,",""",MyxoCycl_21,".fasta"",format=""fasta"",nbcol=1,colsep="""",colw=1000000)"
L23,"<-read.fasta(""T239_",L23,".fasta"")",,ape::write.dna(,L23,",""",L23,".phy"",nbcol=1,colsep="""",colw=1000000)",,"""",Moxostoma_arriommum          ,"""",,Myxocyprinus_asiaticus       ,<-concat_seq$,Myxocyprinus_asiaticus       ,,MyxoCycl_22,<-rbind(,"Myxocyprinus_asiaticus,Cycleptus_elongatus,",Moxostoma_arriommum          ,",Cyprinus_carpio)",,ape::write.dna(,MyxoCycl_22,",""",MyxoCycl_22,".fasta"",format=""fasta"",nbcol=1,colsep="""",colw=1000000)"
L24,"<-read.fasta(""T239_",L24,".fasta"")",,ape::write.dna(,L24,",""",L24,".phy"",nbcol=1,colsep="""",colw=1000000)",,"""",Moxostoma_cervinum           ,"""",,Xyrauchen_texanus            ,<-concat_seq$,Xyrauchen_texanus            ,,MyxoCycl_23,<-rbind(,"Myxocyprinus_asiaticus,Cycleptus_elongatus,",Moxostoma_cervinum           ,",Cyprinus_carpio)",,ape::write.dna(,MyxoCycl_23,",""",MyxoCycl_23,".fasta"",format=""fasta"",nbcol=1,colsep="""",colw=1000000)"
L25,"<-read.fasta(""T239_",L25,".fasta"")",,ape::write.dna(,L25,",""",L25,".phy"",nbcol=1,colsep="""",colw=1000000)",,"""",Moxostoma_duquesnei          ,"""",,Catostomus_macrocheilus      ,<-concat_seq$,Catostomus_macrocheilus      ,,MyxoCycl_24,<-rbind(,"Myxocyprinus_asiaticus,Cycleptus_elongatus,",Moxostoma_duquesnei          ,",Cyprinus_carpio)",,ape::write.dna(,MyxoCycl_24,",""",MyxoCycl_24,".fasta"",format=""fasta"",nbcol=1,colsep="""",colw=1000000)"
L26,"<-read.fasta(""T239_",L26,".fasta"")",,ape::write.dna(,L26,",""",L26,".phy"",nbcol=1,colsep="""",colw=1000000)",,"""",Moxostoma_erythrurum         ,"""",,Catostomus_platyrhynchus     ,<-concat_seq$,Catostomus_platyrhynchus     ,,MyxoCycl_25,<-rbind(,"Myxocyprinus_asiaticus,Cycleptus_elongatus,",Moxostoma_erythrurum         ,",Cyprinus_carpio)",,ape::write.dna(,MyxoCycl_25,",""",MyxoCycl_25,".fasta"",format=""fasta"",nbcol=1,colsep="""",colw=1000000)"
L27,"<-read.fasta(""T239_",L27,".fasta"")",,ape::write.dna(,L27,",""",L27,".phy"",nbcol=1,colsep="""",colw=1000000)",,"""",Moxostoma_lachneri           ,"""",,Catostomus_plebius           ,<-concat_seq$,Catostomus_plebius           ,,MyxoCycl_26,<-rbind(,"Myxocyprinus_asiaticus,Cycleptus_elongatus,",Moxostoma_lachneri           ,",Cyprinus_carpio)",,ape::write.dna(,MyxoCycl_26,",""",MyxoCycl_26,".fasta"",format=""fasta"",nbcol=1,colsep="""",colw=1000000)"
L28,"<-read.fasta(""T239_",L28,".fasta"")",,ape::write.dna(,L28,",""",L28,".phy"",nbcol=1,colsep="""",colw=1000000)",,"""",Moxostoma_poecilurum         ,"""",,Catostomus_cahita            ,<-concat_seq$,Catostomus_cahita            ,,MyxoCycl_27,<-rbind(,"Myxocyprinus_asiaticus,Cycleptus_elongatus,",Moxostoma_poecilurum         ,",Cyprinus_carpio)",,ape::write.dna(,MyxoCycl_27,",""",MyxoCycl_27,".fasta"",format=""fasta"",nbcol=1,colsep="""",colw=1000000)"
L29,"<-read.fasta(""T239_",L29,".fasta"")",,ape::write.dna(,L29,",""",L29,".phy"",nbcol=1,colsep="""",colw=1000000)",,"""",Moxostoma_rupiscartes        ,"""",,Catostomus_bernardini        ,<-concat_seq$,Catostomus_bernardini        ,,MyxoCycl_28,<-rbind(,"Myxocyprinus_asiaticus,Cycleptus_elongatus,",Moxostoma_rupiscartes        ,",Cyprinus_carpio)",,ape::write.dna(,MyxoCycl_28,",""",MyxoCycl_28,".fasta"",format=""fasta"",nbcol=1,colsep="""",colw=1000000)"
L30,"<-read.fasta(""T239_",L30,".fasta"")",,ape::write.dna(,L30,",""",L30,".phy"",nbcol=1,colsep="""",colw=1000000)",,"""",Moxostoma_valenciennsi       ,"""",,Erimyzon_oblongus            ,<-concat_seq$,Erimyzon_oblongus            ,,MyxoCycl_29,<-rbind(,"Myxocyprinus_asiaticus,Cycleptus_elongatus,",Moxostoma_valenciennsi       ,",Cyprinus_carpio)",,ape::write.dna(,MyxoCycl_29,",""",MyxoCycl_29,".fasta"",format=""fasta"",nbcol=1,colsep="""",colw=1000000)"
L31,"<-read.fasta(""T239_",L31,".fasta"")",,ape::write.dna(,L31,",""",L31,".phy"",nbcol=1,colsep="""",colw=1000000)",,"""",Myxocyprinus_asiaticus       ,"""",,Thoburnia_atripinnis         ,<-concat_seq$,Thoburnia_atripinnis         ,,MyxoCycl_30,<-rbind(,"Myxocyprinus_asiaticus,Cycleptus_elongatus,",Myxocyprinus_asiaticus       ,",Cyprinus_carpio)",,ape::write.dna(,MyxoCycl_30,",""",MyxoCycl_30,".fasta"",format=""fasta"",nbcol=1,colsep="""",colw=1000000)"
L32,"<-read.fasta(""T239_",L32,".fasta"")",,ape::write.dna(,L32,",""",L32,".phy"",nbcol=1,colsep="""",colw=1000000)",,"""",Xyrauchen_texanus            ,"""",,Thoburnia_rhothoeca          ,<-concat_seq$,Thoburnia_rhothoeca          ,,MyxoCycl_31,<-rbind(,"Myxocyprinus_asiaticus,Cycleptus_elongatus,",Xyrauchen_texanus            ,",Cyprinus_carpio)",,ape::write.dna(,MyxoCycl_31,",""",MyxoCycl_31,".fasta"",format=""fasta"",nbcol=1,colsep="""",colw=1000000)"
L33,"<-read.fasta(""T239_",L33,".fasta"")",,ape::write.dna(,L33,",""",L33,".phy"",nbcol=1,colsep="""",colw=1000000)",,"""",Catostomus_macrocheilus      ,"""",,Minytrema_melanops           ,<-concat_seq$,Minytrema_melanops           ,,MyxoCycl_32,<-rbind(,"Myxocyprinus_asiaticus,Cycleptus_elongatus,",Catostomus_macrocheilus      ,",Cyprinus_carpio)",,ape::write.dna(,MyxoCycl_32,",""",MyxoCycl_32,".fasta"",format=""fasta"",nbcol=1,colsep="""",colw=1000000)"
L34,"<-read.fasta(""T239_",L34,".fasta"")",,ape::write.dna(,L34,",""",L34,".phy"",nbcol=1,colsep="""",colw=1000000)",,"""",Catostomus_platyrhynchus     ,"""",,Ictiobus_niger               ,<-concat_seq$,Ictiobus_niger               ,,MyxoCycl_33,<-rbind(,"Myxocyprinus_asiaticus,Cycleptus_elongatus,",Catostomus_platyrhynchus     ,",Cyprinus_carpio)",,ape::write.dna(,MyxoCycl_33,",""",MyxoCycl_33,".fasta"",format=""fasta"",nbcol=1,colsep="""",colw=1000000)"
L35,"<-read.fasta(""T239_",L35,".fasta"")",,ape::write.dna(,L35,",""",L35,".phy"",nbcol=1,colsep="""",colw=1000000)",,"""",Catostomus_plebius           ,"""",,Catostomus_wigginsi          ,<-concat_seq$,Catostomus_wigginsi          ,,MyxoCycl_34,<-rbind(,"Myxocyprinus_asiaticus,Cycleptus_elongatus,",Catostomus_plebius           ,",Cyprinus_carpio)",,ape::write.dna(,MyxoCycl_34,",""",MyxoCycl_34,".fasta"",format=""fasta"",nbcol=1,colsep="""",colw=1000000)"
L36,"<-read.fasta(""T239_",L36,".fasta"")",,ape::write.dna(,L36,",""",L36,".phy"",nbcol=1,colsep="""",colw=1000000)",,"""",Catostomus_cahita            ,"""",,Catostomus_leopoldi ,<-concat_seq$,Catostomus_leopoldi ,,MyxoCycl_35,<-rbind(,"Myxocyprinus_asiaticus,Cycleptus_elongatus,",Catostomus_cahita            ,",Cyprinus_carpio)",,ape::write.dna(,MyxoCycl_35,",""",MyxoCycl_35,".fasta"",format=""fasta"",nbcol=1,colsep="""",colw=1000000)"
L37,"<-read.fasta(""T239_",L37,".fasta"")",,ape::write.dna(,L37,",""",L37,".phy"",nbcol=1,colsep="""",colw=1000000)",,"""",Catostomus_bernardini        ,"""",,Carpiodes_carpio             ,<-concat_seq$,Carpiodes_carpio             ,,MyxoCycl_36,<-rbind(,"Myxocyprinus_asiaticus,Cycleptus_elongatus,",Catostomus_bernardini        ,",Cyprinus_carpio)",,ape::write.dna(,MyxoCycl_36,",""",MyxoCycl_36,".fasta"",format=""fasta"",nbcol=1,colsep="""",colw=1000000)"
L38,"<-read.fasta(""T239_",L38,".fasta"")",,ape::write.dna(,L38,",""",L38,".phy"",nbcol=1,colsep="""",colw=1000000)",,"""",Cyprinion_semiplotum         ,"""",,Carpiodes_cyprinus           ,<-concat_seq$,Carpiodes_cyprinus           ,,MyxoCycl_37,<-rbind(,"Myxocyprinus_asiaticus,Cycleptus_elongatus,",Cyprinion_semiplotum         ,",Cyprinus_carpio)",,ape::write.dna(,MyxoCycl_37,",""",MyxoCycl_37,".fasta"",format=""fasta"",nbcol=1,colsep="""",colw=1000000)"
L39,"<-read.fasta(""T239_",L39,".fasta"")",,ape::write.dna(,L39,",""",L39,".phy"",nbcol=1,colsep="""",colw=1000000)",,"""",Erimyzon_oblongus            ,"""",,Carpiodes_velifer            ,<-concat_seq$,Carpiodes_velifer            ,,MyxoCycl_38,<-rbind(,"Myxocyprinus_asiaticus,Cycleptus_elongatus,",Erimyzon_oblongus            ,",Cyprinus_carpio)",,ape::write.dna(,MyxoCycl_38,",""",MyxoCycl_38,".fasta"",format=""fasta"",nbcol=1,colsep="""",colw=1000000)"
L40,"<-read.fasta(""T239_",L40,".fasta"")",,ape::write.dna(,L40,",""",L40,".phy"",nbcol=1,colsep="""",colw=1000000)",,"""",Thoburnia_atripinnis         ,"""",,Catostomus_ardens            ,<-concat_seq$,Catostomus_ardens            ,,MyxoCycl_39,<-rbind(,"Myxocyprinus_asiaticus,Cycleptus_elongatus,",Thoburnia_atripinnis         ,",Cyprinus_carpio)",,ape::write.dna(,MyxoCycl_39,",""",MyxoCycl_39,".fasta"",format=""fasta"",nbcol=1,colsep="""",colw=1000000)"
L41,"<-read.fasta(""T239_",L41,".fasta"")",,ape::write.dna(,L41,",""",L41,".phy"",nbcol=1,colsep="""",colw=1000000)",,"""",Thoburnia_rhothoeca          ,"""",,Catostomus_catostomus        ,<-concat_seq$,Catostomus_catostomus        ,,MyxoCycl_40,<-rbind(,"Myxocyprinus_asiaticus,Cycleptus_elongatus,",Thoburnia_rhothoeca          ,",Cyprinus_carpio)",,ape::write.dna(,MyxoCycl_40,",""",MyxoCycl_40,".fasta"",format=""fasta"",nbcol=1,colsep="""",colw=1000000)"
L42,"<-read.fasta(""T239_",L42,".fasta"")",,ape::write.dna(,L42,",""",L42,".phy"",nbcol=1,colsep="""",colw=1000000)",,"""",Minytrema_melanops           ,"""",,Catostomus_clarkii           ,<-concat_seq$,Catostomus_clarkii           ,,MyxoCycl_41,<-rbind(,"Myxocyprinus_asiaticus,Cycleptus_elongatus,",Minytrema_melanops           ,",Cyprinus_carpio)",,ape::write.dna(,MyxoCycl_41,",""",MyxoCycl_41,".fasta"",format=""fasta"",nbcol=1,colsep="""",colw=1000000)"
L43,"<-read.fasta(""T239_",L43,".fasta"")",,ape::write.dna(,L43,",""",L43,".phy"",nbcol=1,colsep="""",colw=1000000)",,"""",Ictiobus_niger               ,"""",,Catostomus_columbianus       ,<-concat_seq$,Catostomus_columbianus       ,,MyxoCycl_42,<-rbind(,"Myxocyprinus_asiaticus,Cycleptus_elongatus,",Ictiobus_niger               ,",Cyprinus_carpio)",,ape::write.dna(,MyxoCycl_42,",""",MyxoCycl_42,".fasta"",format=""fasta"",nbcol=1,colsep="""",colw=1000000)"
L44,"<-read.fasta(""T239_",L44,".fasta"")",,ape::write.dna(,L44,",""",L44,".phy"",nbcol=1,colsep="""",colw=1000000)",,"""",Catostomus_wigginsi          ,"""",,Catostomus_commersonii       ,<-concat_seq$,Catostomus_commersonii       ,,MyxoCycl_43,<-rbind(,"Myxocyprinus_asiaticus,Cycleptus_elongatus,",Catostomus_wigginsi          ,",Cyprinus_carpio)",,ape::write.dna(,MyxoCycl_43,",""",MyxoCycl_43,".fasta"",format=""fasta"",nbcol=1,colsep="""",colw=1000000)"
L45,"<-read.fasta(""T239_",L45,".fasta"")",,ape::write.dna(,L45,",""",L45,".phy"",nbcol=1,colsep="""",colw=1000000)",,"""",Catostomus_leopoldi          ,"""",,,,,,MyxoCycl_44,<-rbind(,"Myxocyprinus_asiaticus,Cycleptus_elongatus,",Catostomus_leopoldi          ,",Cyprinus_carpio)",,ape::write.dna(,MyxoCycl_44,",""",MyxoCycl_44,".fasta"",format=""fasta"",nbcol=1,colsep="""",colw=1000000)"
L46,"<-read.fasta(""T239_",L46,".fasta"")",,ape::write.dna(,L46,",""",L46,".phy"",nbcol=1,colsep="""",colw=1000000)",,"""",Gyrinocheilus_aymonieri      ,"""",,,,,,MyxoCycl_45,<-rbind(,"Myxocyprinus_asiaticus,Cycleptus_elongatus,",Gyrinocheilus_aymonieri      ,",Cyprinus_carpio)",,ape::write.dna(,MyxoCycl_45,",""",MyxoCycl_45,".fasta"",format=""fasta"",nbcol=1,colsep="""",colw=1000000)"
L47,"<-read.fasta(""T239_",L47,".fasta"")",,ape::write.dna(,L47,",""",L47,".phy"",nbcol=1,colsep="""",colw=1000000)",,"""",Homaloptera_ogilvei          ,"""",,,,,,MyxoCycl_46,<-rbind(,"Myxocyprinus_asiaticus,Cycleptus_elongatus,",Homaloptera_ogilvei          ,",Cyprinus_carpio)",,ape::write.dna(,MyxoCycl_46,",""",MyxoCycl_46,".fasta"",format=""fasta"",nbcol=1,colsep="""",colw=1000000)"
L48,"<-read.fasta(""T239_",L48,".fasta"")",,ape::write.dna(,L48,",""",L48,".phy"",nbcol=1,colsep="""",colw=1000000)",,"""",Sinibotia_robusta            ,"""",,,,,,MyxoCycl_47,<-rbind(,"Myxocyprinus_asiaticus,Cycleptus_elongatus,",Sinibotia_robusta            ,",Cyprinus_carpio)",,ape::write.dna(,MyxoCycl_47,",""",MyxoCycl_47,".fasta"",format=""fasta"",nbcol=1,colsep="""",colw=1000000)"
L49,"<-read.fasta(""T239_",L49,".fasta"")",,ape::write.dna(,L49,",""",L49,".phy"",nbcol=1,colsep="""",colw=1000000)",,"""",Lepidocephalichthys_hasselti ,"""",,,,,,MyxoCycl_48,<-rbind(,"Myxocyprinus_asiaticus,Cycleptus_elongatus,",Lepidocephalichthys_hasselti ,",Cyprinus_carpio)",,ape::write.dna(,MyxoCycl_48,",""",MyxoCycl_48,".fasta"",format=""fasta"",nbcol=1,colsep="""",colw=1000000)"
L50,"<-read.fasta(""T239_",L50,".fasta"")",,ape::write.dna(,L50,",""",L50,".phy"",nbcol=1,colsep="""",colw=1000000)",,"""",Cyprinus_carpio              ,"""",,,,,,MyxoCycl_49,<-rbind(,"Myxocyprinus_asiaticus,Cycleptus_elongatus,",Cyprinus_carpio              ,",Cyprinus_carpio)",,ape::write.dna(,MyxoCycl_49,",""",MyxoCycl_49,".fasta"",format=""fasta"",nbcol=1,colsep="""",colw=1000000)"
L51,"<-read.fasta(""T239_",L51,".fasta"")",,ape::write.dna(,L51,",""",L51,".phy"",nbcol=1,colsep="""",colw=1000000)",,"""",Barbus_barbus                ,"""",,,,,,MyxoCycl_50,<-rbind(,"Myxocyprinus_asiaticus,Cycleptus_elongatus,",Barbus_barbus                ,",Cyprinus_carpio)",,ape::write.dna(,MyxoCycl_50,",""",MyxoCycl_50,".fasta"",format=""fasta"",nbcol=1,colsep="""",colw=1000000)"
L52,"<-read.fasta(""T239_",L52,".fasta"")",,ape::write.dna(,L52,",""",L52,".phy"",nbcol=1,colsep="""",colw=1000000)",,"""",Vaillantella_maassi          ,"""",,,,,,MyxoCycl_51,<-rbind(,"Myxocyprinus_asiaticus,Cycleptus_elongatus,",Vaillantella_maassi          ,",Cyprinus_carpio)",,ape::write.dna(,MyxoCycl_51,",""",MyxoCycl_51,".fasta"",format=""fasta"",nbcol=1,colsep="""",colw=1000000)"
L53,"<-read.fasta(""T239_",L53,".fasta"")",,ape::write.dna(,L53,",""",L53,".phy"",nbcol=1,colsep="""",colw=1000000)",,"""",Pseudogastromyzon_myersi     ,"""",,,,,,MyxoCycl_52,<-rbind(,"Myxocyprinus_asiaticus,Cycleptus_elongatus,",Pseudogastromyzon_myersi     ,",Cyprinus_carpio)",,ape::write.dna(,MyxoCycl_52,",""",MyxoCycl_52,".fasta"",format=""fasta"",nbcol=1,colsep="""",colw=1000000)"
L54,"<-read.fasta(""T239_",L54,".fasta"")",,ape::write.dna(,L54,",""",L54,".phy"",nbcol=1,colsep="""",colw=1000000)",,"""",Pseudorasbora_parva          ,"""",,,,,,MyxoCycl_53,<-rbind(,"Myxocyprinus_asiaticus,Cycleptus_elongatus,",Pseudorasbora_parva          ,",Cyprinus_carpio)",,ape::write.dna(,MyxoCycl_53,",""",MyxoCycl_53,".fasta"",format=""fasta"",nbcol=1,colsep="""",colw=1000000)"
L55,"<-read.fasta(""T239_",L55,".fasta"")",,ape::write.dna(,L55,",""",L55,".phy"",nbcol=1,colsep="""",colw=1000000)",,"""",Danio_rerio,"""",,,,,,MyxoCycl_54,<-rbind(,"Myxocyprinus_asiaticus,Cycleptus_elongatus,",Danio_rerio,",Cyprinus_carpio)",,ape::write.dna(,MyxoCycl_54,",""",MyxoCycl_54,".fasta"",format=""fasta"",nbcol=1,colsep="""",colw=1000000)"
L56,"<-read.fasta(""T239_",L56,".fasta"")",,ape::write.dna(,L56,",""",L56,".phy"",nbcol=1,colsep="""",colw=1000000)",,,,,,,,,,,,,,,,,,,,
L57,"<-read.fasta(""T239_",L57,".fasta"")",,ape::write.dna(,L57,",""",L57,".phy"",nbcol=1,colsep="""",colw=1000000)",,,,,,,,,,,,,,,,,,,,
L58,"<-read.fasta(""T239_",L58,".fasta"")",,ape::write.dna(,L58,",""",L58,".phy"",nbcol=1,colsep="""",colw=1000000)",,,,,,,,,,,,,,,,,,,,
L60,"<-read.fasta(""T239_",L60,".fasta"")",,ape::write.dna(,L60,",""",L60,".phy"",nbcol=1,colsep="""",colw=1000000)",,,,,,,,,,,,,,,,,,,,
L61,"<-read.fasta(""T239_",L61,".fasta"")",,ape::write.dna(,L61,",""",L61,".phy"",nbcol=1,colsep="""",colw=1000000)",,,,,,,,,,,,,,,,,,,,
L62,"<-read.fasta(""T239_",L62,".fasta"")",,ape::write.dna(,L62,",""",L62,".phy"",nbcol=1,colsep="""",colw=1000000)",,,,,,,,,,,,,,,,,,,,
L63,"<-read.fasta(""T239_",L63,".fasta"")",,ape::write.dna(,L63,",""",L63,".phy"",nbcol=1,colsep="""",colw=1000000)",,,,,,,,,,,,,,,,,,,,
L64,"<-read.fasta(""T239_",L64,".fasta"")",,ape::write.dna(,L64,",""",L64,".phy"",nbcol=1,colsep="""",colw=1000000)",,,,,,,,,,,,,,,,,,,,
L65,"<-read.fasta(""T239_",L65,".fasta"")",,ape::write.dna(,L65,",""",L65,".phy"",nbcol=1,colsep="""",colw=1000000)",,,,,,,,,,,,,,,,,,,,
L66,"<-read.fasta(""T239_",L66,".fasta"")",,ape::write.dna(,L66,",""",L66,".phy"",nbcol=1,colsep="""",colw=1000000)",,,,,,,,,,,,,,,,,,,,
L67,"<-read.fasta(""T239_",L67,".fasta"")",,ape::write.dna(,L67,",""",L67,".phy"",nbcol=1,colsep="""",colw=1000000)",,,,,,,,,,,,,,,,,,,,
L68,"<-read.fasta(""T239_",L68,".fasta"")",,ape::write.dna(,L68,",""",L68,".phy"",nbcol=1,colsep="""",colw=1000000)",,,,,,,,,,,,,,,,,,,,
L69,"<-read.fasta(""T239_",L69,".fasta"")",,ape::write.dna(,L69,",""",L69,".phy"",nbcol=1,colsep="""",colw=1000000)",,,,,,,,,,,,,,,,,,,,
L70,"<-read.fasta(""T239_",L70,".fasta"")",,ape::write.dna(,L70,",""",L70,".phy"",nbcol=1,colsep="""",colw=1000000)",,,,,,,,,,,,,,,,,,,,
L71,"<-read.fasta(""T239_",L71,".fasta"")",,ape::write.dna(,L71,",""",L71,".phy"",nbcol=1,colsep="""",colw=1000000)",,,,,,,,,,,,,,,,,,,,
L73,"<-read.fasta(""T239_",L73,".fasta"")",,ape::write.dna(,L73,",""",L73,".phy"",nbcol=1,colsep="""",colw=1000000)",,,,,,,,,,,,,,,,,,,,
L74,"<-read.fasta(""T239_",L74,".fasta"")",,ape::write.dna(,L74,",""",L74,".phy"",nbcol=1,colsep="""",colw=1000000)",,,,,,,,,,,,,,,,,,,,
L75,"<-read.fasta(""T239_",L75,".fasta"")",,ape::write.dna(,L75,",""",L75,".phy"",nbcol=1,colsep="""",colw=1000000)",,,,,,,,,,,,,,,,,,,,
L76,"<-read.fasta(""T239_",L76,".fasta"")",,ape::write.dna(,L76,",""",L76,".phy"",nbcol=1,colsep="""",colw=1000000)",,,,,,,,,,,,,,,,,,,,
L77,"<-read.fasta(""T239_",L77,".fasta"")",,ape::write.dna(,L77,",""",L77,".phy"",nbcol=1,colsep="""",colw=1000000)",,,,,,,,,,,,,,,,,,,,
L78,"<-read.fasta(""T239_",L78,".fasta"")",,ape::write.dna(,L78,",""",L78,".phy"",nbcol=1,colsep="""",colw=1000000)",,,,,,,,,,,,,,,,,,,,
L79,"<-read.fasta(""T239_",L79,".fasta"")",,ape::write.dna(,L79,",""",L79,".phy"",nbcol=1,colsep="""",colw=1000000)",,,,,,,,,,,,,,,,,,,,
L80,"<-read.fasta(""T239_",L80,".fasta"")",,ape::write.dna(,L80,",""",L80,".phy"",nbcol=1,colsep="""",colw=1000000)",,,,,,,,,,,,,,,,,,,,
L82,"<-read.fasta(""T239_",L82,".fasta"")",,ape::write.dna(,L82,",""",L82,".phy"",nbcol=1,colsep="""",colw=1000000)",,,,,,,,,,,,,,,,,,,,
L83,"<-read.fasta(""T239_",L83,".fasta"")",,ape::write.dna(,L83,",""",L83,".phy"",nbcol=1,colsep="""",colw=1000000)",,,,,,,,,,,,,,,,,,,,
L85,"<-read.fasta(""T239_",L85,".fasta"")",,ape::write.dna(,L85,",""",L85,".phy"",nbcol=1,colsep="""",colw=1000000)",,,,,,,,,,,,,,,,,,,,
L86,"<-read.fasta(""T239_",L86,".fasta"")",,ape::write.dna(,L86,",""",L86,".phy"",nbcol=1,colsep="""",colw=1000000)",,,,,,,,,,,,,,,,,,,,
L87,"<-read.fasta(""T239_",L87,".fasta"")",,ape::write.dna(,L87,",""",L87,".phy"",nbcol=1,colsep="""",colw=1000000)",,,,,,,,,,,,,,,,,,,,
L88,"<-read.fasta(""T239_",L88,".fasta"")",,ape::write.dna(,L88,",""",L88,".phy"",nbcol=1,colsep="""",colw=1000000)",,,,,,,,,,,,,,,,,,,,
L89,"<-read.fasta(""T239_",L89,".fasta"")",,ape::write.dna(,L89,",""",L89,".phy"",nbcol=1,colsep="""",colw=1000000)",,,,,,,,,,,,,,,,,,,,
L90,"<-read.fasta(""T239_",L90,".fasta"")",,ape::write.dna(,L90,",""",L90,".phy"",nbcol=1,colsep="""",colw=1000000)",,,,,,,,,,,,,,,,,,,,
L91,"<-read.fasta(""T239_",L91,".fasta"")",,ape::write.dna(,L91,",""",L91,".phy"",nbcol=1,colsep="""",colw=1000000)",,,,,,,,,,,,,,,,,,,,
L92,"<-read.fasta(""T239_",L92,".fasta"")",,ape::write.dna(,L92,",""",L92,".phy"",nbcol=1,colsep="""",colw=1000000)",,,,,,,,,,,,,,,,,,,,
L93,"<-read.fasta(""T239_",L93,".fasta"")",,ape::write.dna(,L93,",""",L93,".phy"",nbcol=1,colsep="""",colw=1000000)",,,,,,,,,,,,,,,,,,,,
L94,"<-read.fasta(""T239_",L94,".fasta"")",,ape::write.dna(,L94,",""",L94,".phy"",nbcol=1,colsep="""",colw=1000000)",,,,,,,,,,,,,,,,,,,,
L95,"<-read.fasta(""T239_",L95,".fasta"")",,ape::write.dna(,L95,",""",L95,".phy"",nbcol=1,colsep="""",colw=1000000)",,,,,,,,,,,,,,,,,,,,
L96,"<-read.fasta(""T239_",L96,".fasta"")",,ape::write.dna(,L96,",""",L96,".phy"",nbcol=1,colsep="""",colw=1000000)",,,,,,,,,,,,,,,,,,,,
L98,"<-read.fasta(""T239_",L98,".fasta"")",,ape::write.dna(,L98,",""",L98,".phy"",nbcol=1,colsep="""",colw=1000000)",,,,,,,,,,,,,,,,,,,,
L99,"<-read.fasta(""T239_",L99,".fasta"")",,ape::write.dna(,L99,",""",L99,".phy"",nbcol=1,colsep="""",colw=1000000)",,,,,,,,,,,,,,,,,,,,
L100,"<-read.fasta(""T239_",L100,".fasta"")",,ape::write.dna(,L100,",""",L100,".phy"",nbcol=1,colsep="""",colw=1000000)",,,,,,,,,,,,,,,,,,,,
L101,"<-read.fasta(""T239_",L101,".fasta"")",,ape::write.dna(,L101,",""",L101,".phy"",nbcol=1,colsep="""",colw=1000000)",,,,,,,,,,,,,,,,,,,,
L102,"<-read.fasta(""T239_",L102,".fasta"")",,ape::write.dna(,L102,",""",L102,".phy"",nbcol=1,colsep="""",colw=1000000)",,,,,,,,,,,,,,,,,,,,
L103,"<-read.fasta(""T239_",L103,".fasta"")",,ape::write.dna(,L103,",""",L103,".phy"",nbcol=1,colsep="""",colw=1000000)",,,,,,,,,,,,,,,,,,,,
L104,"<-read.fasta(""T239_",L104,".fasta"")",,ape::write.dna(,L104,",""",L104,".phy"",nbcol=1,colsep="""",colw=1000000)",,,,,,,,,,,,,,,,,,,,
L105,"<-read.fasta(""T239_",L105,".fasta"")",,ape::write.dna(,L105,",""",L105,".phy"",nbcol=1,colsep="""",colw=1000000)",,,,,,,,,,,,,,,,,,,,
L106,"<-read.fasta(""T239_",L106,".fasta"")",,ape::write.dna(,L106,",""",L106,".phy"",nbcol=1,colsep="""",colw=1000000)",,,,,,,,,,,,,,,,,,,,
L107,"<-read.fasta(""T239_",L107,".fasta"")",,ape::write.dna(,L107,",""",L107,".phy"",nbcol=1,colsep="""",colw=1000000)",,,,,,,,,,,,,,,,,,,,
L108,"<-read.fasta(""T239_",L108,".fasta"")",,ape::write.dna(,L108,",""",L108,".phy"",nbcol=1,colsep="""",colw=1000000)",,,,,,,,,,,,,,,,,,,,
L109,"<-read.fasta(""T239_",L109,".fasta"")",,ape::write.dna(,L109,",""",L109,".phy"",nbcol=1,colsep="""",colw=1000000)",,,,,,,,,,,,,,,,,,,,
L110,"<-read.fasta(""T239_",L110,".fasta"")",,ape::write.dna(,L110,",""",L110,".phy"",nbcol=1,colsep="""",colw=1000000)",,,,,,,,,,,,,,,,,,,,
L112,"<-read.fasta(""T239_",L112,".fasta"")",,ape::write.dna(,L112,",""",L112,".phy"",nbcol=1,colsep="""",colw=1000000)",,,,,,,,,,,,,,,,,,,,
L113,"<-read.fasta(""T239_",L113,".fasta"")",,ape::write.dna(,L113,",""",L113,".phy"",nbcol=1,colsep="""",colw=1000000)",,,,,,,,,,,,,,,,,,,,
L114,"<-read.fasta(""T239_",L114,".fasta"")",,ape::write.dna(,L114,",""",L114,".phy"",nbcol=1,colsep="""",colw=1000000)",,,,,,,,,,,,,,,,,,,,
L115,"<-read.fasta(""T239_",L115,".fasta"")",,ape::write.dna(,L115,",""",L115,".phy"",nbcol=1,colsep="""",colw=1000000)",,,,,,,,,,,,,,,,,,,,
L116,"<-read.fasta(""T239_",L116,".fasta"")",,ape::write.dna(,L116,",""",L116,".phy"",nbcol=1,colsep="""",colw=1000000)",,,,,,,,,,,,,,,,,,,,
L117,"<-read.fasta(""T239_",L117,".fasta"")",,ape::write.dna(,L117,",""",L117,".phy"",nbcol=1,colsep="""",colw=1000000)",,,,,,,,,,,,,,,,,,,,
L118,"<-read.fasta(""T239_",L118,".fasta"")",,ape::write.dna(,L118,",""",L118,".phy"",nbcol=1,colsep="""",colw=1000000)",,,,,,,,,,,,,,,,,,,,
L119,"<-read.fasta(""T239_",L119,".fasta"")",,ape::write.dna(,L119,",""",L119,".phy"",nbcol=1,colsep="""",colw=1000000)",,,,,,,,,,,,,,,,,,,,
L120,"<-read.fasta(""T239_",L120,".fasta"")",,ape::write.dna(,L120,",""",L120,".phy"",nbcol=1,colsep="""",colw=1000000)",,,,,,,,,,,,,,,,,,,,
L121,"<-read.fasta(""T239_",L121,".fasta"")",,ape::write.dna(,L121,",""",L121,".phy"",nbcol=1,colsep="""",colw=1000000)",,,,,,,,,,,,,,,,,,,,
L122,"<-read.fasta(""T239_",L122,".fasta"")",,ape::write.dna(,L122,",""",L122,".phy"",nbcol=1,colsep="""",colw=1000000)",,,,,,,,,,,,,,,,,,,,
L123,"<-read.fasta(""T239_",L123,".fasta"")",,ape::write.dna(,L123,",""",L123,".phy"",nbcol=1,colsep="""",colw=1000000)",,,,,,,,,,,,,,,,,,,,
L124,"<-read.fasta(""T239_",L124,".fasta"")",,ape::write.dna(,L124,",""",L124,".phy"",nbcol=1,colsep="""",colw=1000000)",,,,,,,,,,,,,,,,,,,,
L125,"<-read.fasta(""T239_",L125,".fasta"")",,ape::write.dna(,L125,",""",L125,".phy"",nbcol=1,colsep="""",colw=1000000)",,,,,,,,,,,,,,,,,,,,
L126,"<-read.fasta(""T239_",L126,".fasta"")",,ape::write.dna(,L126,",""",L126,".phy"",nbcol=1,colsep="""",colw=1000000)",,,,,,,,,,,,,,,,,,,,
L127,"<-read.fasta(""T239_",L127,".fasta"")",,ape::write.dna(,L127,",""",L127,".phy"",nbcol=1,colsep="""",colw=1000000)",,,,,,,,,,,,,,,,,,,,
L128,"<-read.fasta(""T239_",L128,".fasta"")",,ape::write.dna(,L128,",""",L128,".phy"",nbcol=1,colsep="""",colw=1000000)",,,,,,,,,,,,,,,,,,,,
L129,"<-read.fasta(""T239_",L129,".fasta"")",,ape::write.dna(,L129,",""",L129,".phy"",nbcol=1,colsep="""",colw=1000000)",,,,,,,,,,,,,,,,,,,,
L130,"<-read.fasta(""T239_",L130,".fasta"")",,ape::write.dna(,L130,",""",L130,".phy"",nbcol=1,colsep="""",colw=1000000)",,,,,,,,,,,,,,,,,,,,
L131,"<-read.fasta(""T239_",L131,".fasta"")",,ape::write.dna(,L131,",""",L131,".phy"",nbcol=1,colsep="""",colw=1000000)",,,,,,,,,,,,,,,,,,,,
L132,"<-read.fasta(""T239_",L132,".fasta"")",,ape::write.dna(,L132,",""",L132,".phy"",nbcol=1,colsep="""",colw=1000000)",,,,,,,,,,,,,,,,,,,,
L134,"<-read.fasta(""T239_",L134,".fasta"")",,ape::write.dna(,L134,",""",L134,".phy"",nbcol=1,colsep="""",colw=1000000)",,,,,,,,,,,,,,,,,,,,
L136,"<-read.fasta(""T239_",L136,".fasta"")",,ape::write.dna(,L136,",""",L136,".phy"",nbcol=1,colsep="""",colw=1000000)",,,,,,,,,,,,,,,,,,,,
L137,"<-read.fasta(""T239_",L137,".fasta"")",,ape::write.dna(,L137,",""",L137,".phy"",nbcol=1,colsep="""",colw=1000000)",,,,,,,,,,,,,,,,,,,,
L138,"<-read.fasta(""T239_",L138,".fasta"")",,ape::write.dna(,L138,",""",L138,".phy"",nbcol=1,colsep="""",colw=1000000)",,,,,,,,,,,,,,,,,,,,
L139,"<-read.fasta(""T239_",L139,".fasta"")",,ape::write.dna(,L139,",""",L139,".phy"",nbcol=1,colsep="""",colw=1000000)",,,,,,,,,,,,,,,,,,,,
L140,"<-read.fasta(""T239_",L140,".fasta"")",,ape::write.dna(,L140,",""",L140,".phy"",nbcol=1,colsep="""",colw=1000000)",,,,,,,,,,,,,,,,,,,,
L141,"<-read.fasta(""T239_",L141,".fasta"")",,ape::write.dna(,L141,",""",L141,".phy"",nbcol=1,colsep="""",colw=1000000)",,,,,,,,,,,,,,,,,,,,
L142,"<-read.fasta(""T239_",L142,".fasta"")",,ape::write.dna(,L142,",""",L142,".phy"",nbcol=1,colsep="""",colw=1000000)",,,,,,,,,,,,,,,,,,,,
L143,"<-read.fasta(""T239_",L143,".fasta"")",,ape::write.dna(,L143,",""",L143,".phy"",nbcol=1,colsep="""",colw=1000000)",,,,,,,,,,,,,,,,,,,,
L144,"<-read.fasta(""T239_",L144,".fasta"")",,ape::write.dna(,L144,",""",L144,".phy"",nbcol=1,colsep="""",colw=1000000)",,,,,,,,,,,,,,,,,,,,
L145,"<-read.fasta(""T239_",L145,".fasta"")",,ape::write.dna(,L145,",""",L145,".phy"",nbcol=1,colsep="""",colw=1000000)",,,,,,,,,,,,,,,,,,,,
L146,"<-read.fasta(""T239_",L146,".fasta"")",,ape::write.dna(,L146,",""",L146,".phy"",nbcol=1,colsep="""",colw=1000000)",,,,,,,,,,,,,,,,,,,,
L147,"<-read.fasta(""T239_",L147,".fasta"")",,ape::write.dna(,L147,",""",L147,".phy"",nbcol=1,colsep="""",colw=1000000)",,,,,,,,,,,,,,,,,,,,
L148,"<-read.fasta(""T239_",L148,".fasta"")",,ape::write.dna(,L148,",""",L148,".phy"",nbcol=1,colsep="""",colw=1000000)",,,,,,,,,,,,,,,,,,,,
L149,"<-read.fasta(""T239_",L149,".fasta"")",,ape::write.dna(,L149,",""",L149,".phy"",nbcol=1,colsep="""",colw=1000000)",,,,,,,,,,,,,,,,,,,,
L150,"<-read.fasta(""T239_",L150,".fasta"")",,ape::write.dna(,L150,",""",L150,".phy"",nbcol=1,colsep="""",colw=1000000)",,,,,,,,,,,,,,,,,,,,
L151,"<-read.fasta(""T239_",L151,".fasta"")",,ape::write.dna(,L151,",""",L151,".phy"",nbcol=1,colsep="""",colw=1000000)",,,,,,,,,,,,,,,,,,,,
L152,"<-read.fasta(""T239_",L152,".fasta"")",,ape::write.dna(,L152,",""",L152,".phy"",nbcol=1,colsep="""",colw=1000000)",,,,,,,,,,,,,,,,,,,,
L153,"<-read.fasta(""T239_",L153,".fasta"")",,ape::write.dna(,L153,",""",L153,".phy"",nbcol=1,colsep="""",colw=1000000)",,,,,,,,,,,,,,,,,,,,
L154,"<-read.fasta(""T239_",L154,".fasta"")",,ape::write.dna(,L154,",""",L154,".phy"",nbcol=1,colsep="""",colw=1000000)",,,,,,,,,,,,,,,,,,,,
L155,"<-read.fasta(""T239_",L155,".fasta"")",,ape::write.dna(,L155,",""",L155,".phy"",nbcol=1,colsep="""",colw=1000000)",,,,,,,,,,,,,,,,,,,,
L156,"<-read.fasta(""T239_",L156,".fasta"")",,ape::write.dna(,L156,",""",L156,".phy"",nbcol=1,colsep="""",colw=1000000)",,,,,,,,,,,,,,,,,,,,
L157,"<-read.fasta(""T239_",L157,".fasta"")",,ape::write.dna(,L157,",""",L157,".phy"",nbcol=1,colsep="""",colw=1000000)",,,,,,,,,,,,,,,,,,,,
L158,"<-read.fasta(""T239_",L158,".fasta"")",,ape::write.dna(,L158,",""",L158,".phy"",nbcol=1,colsep="""",colw=1000000)",,,,,,,,,,,,,,,,,,,,
L159,"<-read.fasta(""T239_",L159,".fasta"")",,ape::write.dna(,L159,",""",L159,".phy"",nbcol=1,colsep="""",colw=1000000)",,,,,,,,,,,,,,,,,,,,
L160,"<-read.fasta(""T239_",L160,".fasta"")",,ape::write.dna(,L160,",""",L160,".phy"",nbcol=1,colsep="""",colw=1000000)",,,,,,,,,,,,,,,,,,,,
L161,"<-read.fasta(""T239_",L161,".fasta"")",,ape::write.dna(,L161,",""",L161,".phy"",nbcol=1,colsep="""",colw=1000000)",,,,,,,,,,,,,,,,,,,,
L162,"<-read.fasta(""T239_",L162,".fasta"")",,ape::write.dna(,L162,",""",L162,".phy"",nbcol=1,colsep="""",colw=1000000)",,,,,,,,,,,,,,,,,,,,
L163,"<-read.fasta(""T239_",L163,".fasta"")",,ape::write.dna(,L163,",""",L163,".phy"",nbcol=1,colsep="""",colw=1000000)",,,,,,,,,,,,,,,,,,,,
L164,"<-read.fasta(""T239_",L164,".fasta"")",,ape::write.dna(,L164,",""",L164,".phy"",nbcol=1,colsep="""",colw=1000000)",,,,,,,,,,,,,,,,,,,,
L165,"<-read.fasta(""T239_",L165,".fasta"")",,ape::write.dna(,L165,",""",L165,".phy"",nbcol=1,colsep="""",colw=1000000)",,,,,,,,,,,,,,,,,,,,
L166,"<-read.fasta(""T239_",L166,".fasta"")",,ape::write.dna(,L166,",""",L166,".phy"",nbcol=1,colsep="""",colw=1000000)",,,,,,,,,,,,,,,,,,,,
L167,"<-read.fasta(""T239_",L167,".fasta"")",,ape::write.dna(,L167,",""",L167,".phy"",nbcol=1,colsep="""",colw=1000000)",,,,,,,,,,,,,,,,,,,,
L168,"<-read.fasta(""T239_",L168,".fasta"")",,ape::write.dna(,L168,",""",L168,".phy"",nbcol=1,colsep="""",colw=1000000)",,,,,,,,,,,,,,,,,,,,
L169,"<-read.fasta(""T239_",L169,".fasta"")",,ape::write.dna(,L169,",""",L169,".phy"",nbcol=1,colsep="""",colw=1000000)",,,,,,,,,,,,,,,,,,,,
L170,"<-read.fasta(""T239_",L170,".fasta"")",,ape::write.dna(,L170,",""",L170,".phy"",nbcol=1,colsep="""",colw=1000000)",,,,,,,,,,,,,,,,,,,,
L171,"<-read.fasta(""T239_",L171,".fasta"")",,ape::write.dna(,L171,",""",L171,".phy"",nbcol=1,colsep="""",colw=1000000)",,,,,,,,,,,,,,,,,,,,
L172,"<-read.fasta(""T239_",L172,".fasta"")",,ape::write.dna(,L172,",""",L172,".phy"",nbcol=1,colsep="""",colw=1000000)",,,,,,,,,,,,,,,,,,,,
L173,"<-read.fasta(""T239_",L173,".fasta"")",,ape::write.dna(,L173,",""",L173,".phy"",nbcol=1,colsep="""",colw=1000000)",,,,,,,,,,,,,,,,,,,,
L174,"<-read.fasta(""T239_",L174,".fasta"")",,ape::write.dna(,L174,",""",L174,".phy"",nbcol=1,colsep="""",colw=1000000)",,,,,,,,,,,,,,,,,,,,
L175,"<-read.fasta(""T239_",L175,".fasta"")",,ape::write.dna(,L175,",""",L175,".phy"",nbcol=1,colsep="""",colw=1000000)",,,,,,,,,,,,,,,,,,,,
L176,"<-read.fasta(""T239_",L176,".fasta"")",,ape::write.dna(,L176,",""",L176,".phy"",nbcol=1,colsep="""",colw=1000000)",,,,,,,,,,,,,,,,,,,,
L177,"<-read.fasta(""T239_",L177,".fasta"")",,ape::write.dna(,L177,",""",L177,".phy"",nbcol=1,colsep="""",colw=1000000)",,,,,,,,,,,,,,,,,,,,
L178,"<-read.fasta(""T239_",L178,".fasta"")",,ape::write.dna(,L178,",""",L178,".phy"",nbcol=1,colsep="""",colw=1000000)",,,,,,,,,,,,,,,,,,,,
L179,"<-read.fasta(""T239_",L179,".fasta"")",,ape::write.dna(,L179,",""",L179,".phy"",nbcol=1,colsep="""",colw=1000000)",,,,,,,,,,,,,,,,,,,,
L180,"<-read.fasta(""T239_",L180,".fasta"")",,ape::write.dna(,L180,",""",L180,".phy"",nbcol=1,colsep="""",colw=1000000)",,,,,,,,,,,,,,,,,,,,
L181,"<-read.fasta(""T239_",L181,".fasta"")",,ape::write.dna(,L181,",""",L181,".phy"",nbcol=1,colsep="""",colw=1000000)",,,,,,,,,,,,,,,,,,,,
L182,"<-read.fasta(""T239_",L182,".fasta"")",,ape::write.dna(,L182,",""",L182,".phy"",nbcol=1,colsep="""",colw=1000000)",,,,,,,,,,,,,,,,,,,,
L183,"<-read.fasta(""T239_",L183,".fasta"")",,ape::write.dna(,L183,",""",L183,".phy"",nbcol=1,colsep="""",colw=1000000)",,,,,,,,,,,,,,,,,,,,
L184,"<-read.fasta(""T239_",L184,".fasta"")",,ape::write.dna(,L184,",""",L184,".phy"",nbcol=1,colsep="""",colw=1000000)",,,,,,,,,,,,,,,,,,,,
L185,"<-read.fasta(""T239_",L185,".fasta"")",,ape::write.dna(,L185,",""",L185,".phy"",nbcol=1,colsep="""",colw=1000000)",,,,,,,,,,,,,,,,,,,,
L186,"<-read.fasta(""T239_",L186,".fasta"")",,ape::write.dna(,L186,",""",L186,".phy"",nbcol=1,colsep="""",colw=1000000)",,,,,,,,,,,,,,,,,,,,
L187,"<-read.fasta(""T239_",L187,".fasta"")",,ape::write.dna(,L187,",""",L187,".phy"",nbcol=1,colsep="""",colw=1000000)",,,,,,,,,,,,,,,,,,,,
L188,"<-read.fasta(""T239_",L188,".fasta"")",,ape::write.dna(,L188,",""",L188,".phy"",nbcol=1,colsep="""",colw=1000000)",,,,,,,,,,,,,,,,,,,,
L189,"<-read.fasta(""T239_",L189,".fasta"")",,ape::write.dna(,L189,",""",L189,".phy"",nbcol=1,colsep="""",colw=1000000)",,,,,,,,,,,,,,,,,,,,
L190,"<-read.fasta(""T239_",L190,".fasta"")",,ape::write.dna(,L190,",""",L190,".phy"",nbcol=1,colsep="""",colw=1000000)",,,,,,,,,,,,,,,,,,,,
L191,"<-read.fasta(""T239_",L191,".fasta"")",,ape::write.dna(,L191,",""",L191,".phy"",nbcol=1,colsep="""",colw=1000000)",,,,,,,,,,,,,,,,,,,,
L192,"<-read.fasta(""T239_",L192,".fasta"")",,ape::write.dna(,L192,",""",L192,".phy"",nbcol=1,colsep="""",colw=1000000)",,,,,,,,,,,,,,,,,,,,
L193,"<-read.fasta(""T239_",L193,".fasta"")",,ape::write.dna(,L193,",""",L193,".phy"",nbcol=1,colsep="""",colw=1000000)",,,,,,,,,,,,,,,,,,,,
L194,"<-read.fasta(""T239_",L194,".fasta"")",,ape::write.dna(,L194,",""",L194,".phy"",nbcol=1,colsep="""",colw=1000000)",,,,,,,,,,,,,,,,,,,,
L195,"<-read.fasta(""T239_",L195,".fasta"")",,ape::write.dna(,L195,",""",L195,".phy"",nbcol=1,colsep="""",colw=1000000)",,,,,,,,,,,,,,,,,,,,
L196,"<-read.fasta(""T239_",L196,".fasta"")",,ape::write.dna(,L196,",""",L196,".phy"",nbcol=1,colsep="""",colw=1000000)",,,,,,,,,,,,,,,,,,,,
L197,"<-read.fasta(""T239_",L197,".fasta"")",,ape::write.dna(,L197,",""",L197,".phy"",nbcol=1,colsep="""",colw=1000000)",,,,,,,,,,,,,,,,,,,,
L198,"<-read.fasta(""T239_",L198,".fasta"")",,ape::write.dna(,L198,",""",L198,".phy"",nbcol=1,colsep="""",colw=1000000)",,,,,,,,,,,,,,,,,,,,
L199,"<-read.fasta(""T239_",L199,".fasta"")",,ape::write.dna(,L199,",""",L199,".phy"",nbcol=1,colsep="""",colw=1000000)",,,,,,,,,,,,,,,,,,,,
L200,"<-read.fasta(""T239_",L200,".fasta"")",,ape::write.dna(,L200,",""",L200,".phy"",nbcol=1,colsep="""",colw=1000000)",,,,,,,,,,,,,,,,,,,,
L201,"<-read.fasta(""T239_",L201,".fasta"")",,ape::write.dna(,L201,",""",L201,".phy"",nbcol=1,colsep="""",colw=1000000)",,,,,,,,,,,,,,,,,,,,
L202,"<-read.fasta(""T239_",L202,".fasta"")",,ape::write.dna(,L202,",""",L202,".phy"",nbcol=1,colsep="""",colw=1000000)",,,,,,,,,,,,,,,,,,,,
L203,"<-read.fasta(""T239_",L203,".fasta"")",,ape::write.dna(,L203,",""",L203,".phy"",nbcol=1,colsep="""",colw=1000000)",,,,,,,,,,,,,,,,,,,,
L204,"<-read.fasta(""T239_",L204,".fasta"")",,ape::write.dna(,L204,",""",L204,".phy"",nbcol=1,colsep="""",colw=1000000)",,,,,,,,,,,,,,,,,,,,
L205,"<-read.fasta(""T239_",L205,".fasta"")",,ape::write.dna(,L205,",""",L205,".phy"",nbcol=1,colsep="""",colw=1000000)",,,,,,,,,,,,,,,,,,,,
L206,"<-read.fasta(""T239_",L206,".fasta"")",,ape::write.dna(,L206,",""",L206,".phy"",nbcol=1,colsep="""",colw=1000000)",,,,,,,,,,,,,,,,,,,,
L207,"<-read.fasta(""T239_",L207,".fasta"")",,ape::write.dna(,L207,",""",L207,".phy"",nbcol=1,colsep="""",colw=1000000)",,,,,,,,,,,,,,,,,,,,
L208,"<-read.fasta(""T239_",L208,".fasta"")",,ape::write.dna(,L208,",""",L208,".phy"",nbcol=1,colsep="""",colw=1000000)",,,,,,,,,,,,,,,,,,,,
L209,"<-read.fasta(""T239_",L209,".fasta"")",,ape::write.dna(,L209,",""",L209,".phy"",nbcol=1,colsep="""",colw=1000000)",,,,,,,,,,,,,,,,,,,,
L210,"<-read.fasta(""T239_",L210,".fasta"")",,ape::write.dna(,L210,",""",L210,".phy"",nbcol=1,colsep="""",colw=1000000)",,,,,,,,,,,,,,,,,,,,
L211,"<-read.fasta(""T239_",L211,".fasta"")",,ape::write.dna(,L211,",""",L211,".phy"",nbcol=1,colsep="""",colw=1000000)",,,,,,,,,,,,,,,,,,,,
L212,"<-read.fasta(""T239_",L212,".fasta"")",,ape::write.dna(,L212,",""",L212,".phy"",nbcol=1,colsep="""",colw=1000000)",,,,,,,,,,,,,,,,,,,,
L213,"<-read.fasta(""T239_",L213,".fasta"")",,ape::write.dna(,L213,",""",L213,".phy"",nbcol=1,colsep="""",colw=1000000)",,,,,,,,,,,,,,,,,,,,
L215,"<-read.fasta(""T239_",L215,".fasta"")",,ape::write.dna(,L215,",""",L215,".phy"",nbcol=1,colsep="""",colw=1000000)",,,,,,,,,,,,,,,,,,,,
L216,"<-read.fasta(""T239_",L216,".fasta"")",,ape::write.dna(,L216,",""",L216,".phy"",nbcol=1,colsep="""",colw=1000000)",,,,,,,,,,,,,,,,,,,,
L217,"<-read.fasta(""T239_",L217,".fasta"")",,ape::write.dna(,L217,",""",L217,".phy"",nbcol=1,colsep="""",colw=1000000)",,,,,,,,,,,,,,,,,,,,
L219,"<-read.fasta(""T239_",L219,".fasta"")",,ape::write.dna(,L219,",""",L219,".phy"",nbcol=1,colsep="""",colw=1000000)",,,,,,,,,,,,,,,,,,,,
L220,"<-read.fasta(""T239_",L220,".fasta"")",,ape::write.dna(,L220,",""",L220,".phy"",nbcol=1,colsep="""",colw=1000000)",,,,,,,,,,,,,,,,,,,,
L221,"<-read.fasta(""T239_",L221,".fasta"")",,ape::write.dna(,L221,",""",L221,".phy"",nbcol=1,colsep="""",colw=1000000)",,,,,,,,,,,,,,,,,,,,
L222,"<-read.fasta(""T239_",L222,".fasta"")",,ape::write.dna(,L222,",""",L222,".phy"",nbcol=1,colsep="""",colw=1000000)",,,,,,,,,,,,,,,,,,,,
L223,"<-read.fasta(""T239_",L223,".fasta"")",,ape::write.dna(,L223,",""",L223,".phy"",nbcol=1,colsep="""",colw=1000000)",,,,,,,,,,,,,,,,,,,,
L224,"<-read.fasta(""T239_",L224,".fasta"")",,ape::write.dna(,L224,",""",L224,".phy"",nbcol=1,colsep="""",colw=1000000)",,,,,,,,,,,,,,,,,,,,
L225,"<-read.fasta(""T239_",L225,".fasta"")",,ape::write.dna(,L225,",""",L225,".phy"",nbcol=1,colsep="""",colw=1000000)",,,,,,,,,,,,,,,,,,,,
L226,"<-read.fasta(""T239_",L226,".fasta"")",,ape::write.dna(,L226,",""",L226,".phy"",nbcol=1,colsep="""",colw=1000000)",,,,,,,,,,,,,,,,,,,,
L227,"<-read.fasta(""T239_",L227,".fasta"")",,ape::write.dna(,L227,",""",L227,".phy"",nbcol=1,colsep="""",colw=1000000)",,,,,,,,,,,,,,,,,,,,
L228,"<-read.fasta(""T239_",L228,".fasta"")",,ape::write.dna(,L228,",""",L228,".phy"",nbcol=1,colsep="""",colw=1000000)",,,,,,,,,,,,,,,,,,,,
L229,"<-read.fasta(""T239_",L229,".fasta"")",,ape::write.dna(,L229,",""",L229,".phy"",nbcol=1,colsep="""",colw=1000000)",,,,,,,,,,,,,,,,,,,,
L230,"<-read.fasta(""T239_",L230,".fasta"")",,ape::write.dna(,L230,",""",L230,".phy"",nbcol=1,colsep="""",colw=1000000)",,,,,,,,,,,,,,,,,,,,
L231,"<-read.fasta(""T239_",L231,".fasta"")",,ape::write.dna(,L231,",""",L231,".phy"",nbcol=1,colsep="""",colw=1000000)",,,,,,,,,,,,,,,,,,,,
L232,"<-read.fasta(""T239_",L232,".fasta"")",,ape::write.dna(,L232,",""",L232,".phy"",nbcol=1,colsep="""",colw=1000000)",,,,,,,,,,,,,,,,,,,,
L233,"<-read.fasta(""T239_",L233,".fasta"")",,ape::write.dna(,L233,",""",L233,".phy"",nbcol=1,colsep="""",colw=1000000)",,,,,,,,,,,,,,,,,,,,
L234,"<-read.fasta(""T239_",L234,".fasta"")",,ape::write.dna(,L234,",""",L234,".phy"",nbcol=1,colsep="""",colw=1000000)",,,,,,,,,,,,,,,,,,,,
L235,"<-read.fasta(""T239_",L235,".fasta"")",,ape::write.dna(,L235,",""",L235,".phy"",nbcol=1,colsep="""",colw=1000000)",,,,,,,,,,,,,,,,,,,,
L236,"<-read.fasta(""T239_",L236,".fasta"")",,ape::write.dna(,L236,",""",L236,".phy"",nbcol=1,colsep="""",colw=1000000)",,,,,,,,,,,,,,,,,,,,
L237,"<-read.fasta(""T239_",L237,".fasta"")",,ape::write.dna(,L237,",""",L237,".phy"",nbcol=1,colsep="""",colw=1000000)",,,,,,,,,,,,,,,,,,,,
L238,"<-read.fasta(""T239_",L238,".fasta"")",,ape::write.dna(,L238,",""",L238,".phy"",nbcol=1,colsep="""",colw=1000000)",,,,,,,,,,,,,,,,,,,,
L239,"<-read.fasta(""T239_",L239,".fasta"")",,ape::write.dna(,L239,",""",L239,".phy"",nbcol=1,colsep="""",colw=1000000)",,,,,,,,,,,,,,,,,,,,
L240,"<-read.fasta(""T239_",L240,".fasta"")",,ape::write.dna(,L240,",""",L240,".phy"",nbcol=1,colsep="""",colw=1000000)",,,,,,,,,,,,,,,,,,,,
L241,"<-read.fasta(""T239_",L241,".fasta"")",,ape::write.dna(,L241,",""",L241,".phy"",nbcol=1,colsep="""",colw=1000000)",,,,,,,,,,,,,,,,,,,,
L242,"<-read.fasta(""T239_",L242,".fasta"")",,ape::write.dna(,L242,",""",L242,".phy"",nbcol=1,colsep="""",colw=1000000)",,,,,,,,,,,,,,,,,,,,
L243,"<-read.fasta(""T239_",L243,".fasta"")",,ape::write.dna(,L243,",""",L243,".phy"",nbcol=1,colsep="""",colw=1000000)",,,,,,,,,,,,,,,,,,,,
L244,"<-read.fasta(""T239_",L244,".fasta"")",,ape::write.dna(,L244,",""",L244,".phy"",nbcol=1,colsep="""",colw=1000000)",,,,,,,,,,,,,,,,,,,,
L245,"<-read.fasta(""T239_",L245,".fasta"")",,ape::write.dna(,L245,",""",L245,".phy"",nbcol=1,colsep="""",colw=1000000)",,,,,,,,,,,,,,,,,,,,
L246,"<-read.fasta(""T239_",L246,".fasta"")",,ape::write.dna(,L246,",""",L246,".phy"",nbcol=1,colsep="""",colw=1000000)",,,,,,,,,,,,,,,,,,,,
L247,"<-read.fasta(""T239_",L247,".fasta"")",,ape::write.dna(,L247,",""",L247,".phy"",nbcol=1,colsep="""",colw=1000000)",,,,,,,,,,,,,,,,,,,,
L248,"<-read.fasta(""T239_",L248,".fasta"")",,ape::write.dna(,L248,",""",L248,".phy"",nbcol=1,colsep="""",colw=1000000)",,,,,,,,,,,,,,,,,,,,
L249,"<-read.fasta(""T239_",L249,".fasta"")",,ape::write.dna(,L249,",""",L249,".phy"",nbcol=1,colsep="""",colw=1000000)",,,,,,,,,,,,,,,,,,,,
L251,"<-read.fasta(""T239_",L251,".fasta"")",,ape::write.dna(,L251,",""",L251,".phy"",nbcol=1,colsep="""",colw=1000000)",,,,,,,,,,,,,,,,,,,,
L252,"<-read.fasta(""T239_",L252,".fasta"")",,ape::write.dna(,L252,",""",L252,".phy"",nbcol=1,colsep="""",colw=1000000)",,,,,,,,,,,,,,,,,,,,
L253,"<-read.fasta(""T239_",L253,".fasta"")",,ape::write.dna(,L253,",""",L253,".phy"",nbcol=1,colsep="""",colw=1000000)",,,,,,,,,,,,,,,,,,,,
L254,"<-read.fasta(""T239_",L254,".fasta"")",,ape::write.dna(,L254,",""",L254,".phy"",nbcol=1,colsep="""",colw=1000000)",,,,,,,,,,,,,,,,,,,,
L255,"<-read.fasta(""T239_",L255,".fasta"")",,ape::write.dna(,L255,",""",L255,".phy"",nbcol=1,colsep="""",colw=1000000)",,,,,,,,,,,,,,,,,,,,
L256,"<-read.fasta(""T239_",L256,".fasta"")",,ape::write.dna(,L256,",""",L256,".phy"",nbcol=1,colsep="""",colw=1000000)",,,,,,,,,,,,,,,,,,,,
L257,"<-read.fasta(""T239_",L257,".fasta"")",,ape::write.dna(,L257,",""",L257,".phy"",nbcol=1,colsep="""",colw=1000000)",,,,,,,,,,,,,,,,,,,,
L258,"<-read.fasta(""T239_",L258,".fasta"")",,ape::write.dna(,L258,",""",L258,".phy"",nbcol=1,colsep="""",colw=1000000)",,,,,,,,,,,,,,,,,,,,
L259,"<-read.fasta(""T239_",L259,".fasta"")",,ape::write.dna(,L259,",""",L259,".phy"",nbcol=1,colsep="""",colw=1000000)",,,,,,,,,,,,,,,,,,,,
L260,"<-read.fasta(""T239_",L260,".fasta"")",,ape::write.dna(,L260,",""",L260,".phy"",nbcol=1,colsep="""",colw=1000000)",,,,,,,,,,,,,,,,,,,,
L261,"<-read.fasta(""T239_",L261,".fasta"")",,ape::write.dna(,L261,",""",L261,".phy"",nbcol=1,colsep="""",colw=1000000)",,,,,,,,,,,,,,,,,,,,
L262,"<-read.fasta(""T239_",L262,".fasta"")",,ape::write.dna(,L262,",""",L262,".phy"",nbcol=1,colsep="""",colw=1000000)",,,,,,,,,,,,,,,,,,,,
L263,"<-read.fasta(""T239_",L263,".fasta"")",,ape::write.dna(,L263,",""",L263,".phy"",nbcol=1,colsep="""",colw=1000000)",,,,,,,,,,,,,,,,,,,,
L264,"<-read.fasta(""T239_",L264,".fasta"")",,ape::write.dna(,L264,",""",L264,".phy"",nbcol=1,colsep="""",colw=1000000)",,,,,,,,,,,,,,,,,,,,
L265,"<-read.fasta(""T239_",L265,".fasta"")",,ape::write.dna(,L265,",""",L265,".phy"",nbcol=1,colsep="""",colw=1000000)",,,,,,,,,,,,,,,,,,,,
L266,"<-read.fasta(""T239_",L266,".fasta"")",,ape::write.dna(,L266,",""",L266,".phy"",nbcol=1,colsep="""",colw=1000000)",,,,,,,,,,,,,,,,,,,,
L267,"<-read.fasta(""T239_",L267,".fasta"")",,ape::write.dna(,L267,",""",L267,".phy"",nbcol=1,colsep="""",colw=1000000)",,,,,,,,,,,,,,,,,,,,
L268,"<-read.fasta(""T239_",L268,".fasta"")",,ape::write.dna(,L268,",""",L268,".phy"",nbcol=1,colsep="""",colw=1000000)",,,,,,,,,,,,,,,,,,,,
L269,"<-read.fasta(""T239_",L269,".fasta"")",,ape::write.dna(,L269,",""",L269,".phy"",nbcol=1,colsep="""",colw=1000000)",,,,,,,,,,,,,,,,,,,,
L270,"<-read.fasta(""T239_",L270,".fasta"")",,ape::write.dna(,L270,",""",L270,".phy"",nbcol=1,colsep="""",colw=1000000)",,,,,,,,,,,,,,,,,,,,
L271,"<-read.fasta(""T239_",L271,".fasta"")",,ape::write.dna(,L271,",""",L271,".phy"",nbcol=1,colsep="""",colw=1000000)",,,,,,,,,,,,,,,,,,,,
L272,"<-read.fasta(""T239_",L272,".fasta"")",,ape::write.dna(,L272,",""",L272,".phy"",nbcol=1,colsep="""",colw=1000000)",,,,,,,,,,,,,,,,,,,,
L275,"<-read.fasta(""T239_",L275,".fasta"")",,ape::write.dna(,L275,",""",L275,".phy"",nbcol=1,colsep="""",colw=1000000)",,,,,,,,,,,,,,,,,,,,
L276,"<-read.fasta(""T239_",L276,".fasta"")",,ape::write.dna(,L276,",""",L276,".phy"",nbcol=1,colsep="""",colw=1000000)",,,,,,,,,,,,,,,,,,,,
L278,"<-read.fasta(""T239_",L278,".fasta"")",,ape::write.dna(,L278,",""",L278,".phy"",nbcol=1,colsep="""",colw=1000000)",,,,,,,,,,,,,,,,,,,,
L279,"<-read.fasta(""T239_",L279,".fasta"")",,ape::write.dna(,L279,",""",L279,".phy"",nbcol=1,colsep="""",colw=1000000)",,,,,,,,,,,,,,,,,,,,
L280,"<-read.fasta(""T239_",L280,".fasta"")",,ape::write.dna(,L280,",""",L280,".phy"",nbcol=1,colsep="""",colw=1000000)",,,,,,,,,,,,,,,,,,,,
L281,"<-read.fasta(""T239_",L281,".fasta"")",,ape::write.dna(,L281,",""",L281,".phy"",nbcol=1,colsep="""",colw=1000000)",,,,,,,,,,,,,,,,,,,,
L282,"<-read.fasta(""T239_",L282,".fasta"")",,ape::write.dna(,L282,",""",L282,".phy"",nbcol=1,colsep="""",colw=1000000)",,,,,,,,,,,,,,,,,,,,
